id,student,course,semester,grade,gpa_points,instructor_id
1,757,4,2024-02-24,62,1.01,71
2,774,3,2024-02-18,11,2.1696,41
3,370,6,2024-03-03,36,1.0331,29
4,912,1,2024-06-16,8,4.6796,16
5,895,6,2024-05-09,89,4.4401,50
6,101,4,2024-08-03,27,4.8693,39
7,292,5,2024-08-21,81,1.823,15
8,971,7,2024-09-21,76,2.8974,29
9,518,4,2024-04-21,52,2.8736,87
10,799,2,2024-06-01,13,3.5848,17
11,2,8,2023-12-24,93,3.168,37
12,331,2,2024-01-23,86,3.8851,73
13,532,3,2024-01-15,79,1.5862,20
14,739,7,2023-12-05,10,4.022,13
15,168,2,2024-02-09,58,2.3057,95
16,198,4,2024-02-10,99,1.1905,58
17,782,2,2024-08-17,91,2.0066,86
18,729,7,2024-01-11,59,3.1584,24
19,982,8,2023-12-23,52,3.0543,15
20,722,6,2024-10-17,31,1.2605,92
21,625,8,2024-08-11,9,3.0132,34
22,928,1,2024-09-24,66,1.834,5
23,902,3,2024-07-03,94,4.9185,63
24,986,7,2024-06-07,94,2.9274,19
25,368,5,2024-05-25,95,2.3139,55
26,25,4,2024-02-13,82,1.3228,6
27,180,7,2024-05-26,89,1.012,43
28,626,2,2024-01-06,83,1.607,3
29,692,6,2024-05-27,93,4.2331,83
30,949,3,2024-05-02,68,3.9618,45
31,785,6,2024-02-23,96,1.8513,90
32,532,2,2023-12-23,53,4.3243,22
33,361,1,2024-05-15,45,1.3953,76
34,133,4,2023-12-14,48,3.9829,73
35,625,5,2024-06-29,95,2.916,18
36,31,5,2024-07-19,94,1.011,21
37,480,8,2024-03-27,76,1.9328,13
38,80,7,2024-10-14,45,3.3048,25
39,941,4,2024-01-30,65,4.2785,33
40,431,5,2024-08-04,46,3.1245,32
41,577,1,2024-05-04,50,3.7219,54
42,563,8,2024-09-19,23,4.5188,45
43,498,3,2024-03-17,88,1.0057,51
44,295,6,2024-03-14,68,4.9016,33
45,846,7,2024-08-13,7,3.2617,27
46,301,8,2024-08-13,33,3.9897,57
47,624,3,2024-09-12,92,2.0155,67
48,597,7,2024-04-20,21,2.3411,91
49,697,7,2024-08-01,92,1.8539,50
50,896,2,2024-05-08,25,2.7244,36
51,952,8,2024-08-11,13,1.9065,93
52,139,6,2024-08-02,46,3.5154,6
53,138,8,2024-02-03,59,4.874,35
54,722,5,2024-01-23,18,4.6766,77
55,773,2,2024-10-01,10,4.1882,37
56,110,2,2024-07-25,46,3.3324,58
57,390,7,2024-03-11,90,3.8634,28
58,59,6,2024-08-30,86,2.4029,24
59,138,8,2024-06-24,60,3.2775,9
60,857,1,2024-01-29,76,4.4947,26
61,971,2,2024-04-09,52,2.6157,30
62,583,2,2024-06-21,40,2.2952,42
63,611,2,2023-11-24,77,3.0669,43
64,656,6,2024-04-27,66,2.2789,38
65,117,3,2024-09-01,81,1.6595,33
66,378,3,2024-03-21,75,2.5629,21
67,889,8,2024-04-30,15,1.5793,41
68,622,4,2023-11-02,22,4.288,87
69,704,4,2023-11-16,66,1.4889,90
70,857,2,2024-08-13,62,1.7328,77
71,870,5,2024-05-18,58,3.971,2
72,630,4,2024-06-09,16,3.9049,36
73,135,4,2024-10-20,9,3.7597,72
74,123,6,2024-04-26,10,3.4462,8
75,753,7,2024-10-07,64,2.7486,7
76,249,2,2024-01-15,17,3.4747,99
77,975,2,2024-02-23,15,4.3402,22
78,806,4,2024-07-25,1,4.2363,33
79,189,7,2023-11-22,76,1.3387,49
80,44,6,2023-11-29,98,2.7794,99
81,767,6,2023-12-31,16,3.9986,78
82,496,8,2024-09-06,31,1.1943,79
83,120,8,2024-06-27,73,4.1225,46
84,60,1,2024-07-23,28,3.9638,44
85,839,8,2024-05-01,19,1.6876,10
86,945,4,2024-06-06,96,2.3235,53
87,11,2,2024-02-01,22,4.1174,8
88,214,4,2024-05-30,21,3.5544,35
89,638,7,2024-06-21,91,1.0082,49
90,714,8,2024-10-10,40,3.8904,46
91,647,8,2024-10-12,54,3.9999,54
92,638,5,2024-08-30,89,3.2051,18
93,200,4,2023-11-05,54,1.3743,95
94,797,8,2024-04-14,28,3.6667,29
95,3,3,2023-12-05,52,4.1697,46
96,726,1,2024-07-21,98,1.9831,93
97,62,8,2024-03-13,95,4.1719,8
98,570,2,2024-01-12,84,1.4089,48
99,154,6,2024-10-01,21,2.8847,40
100,673,6,2023-11-17,3,2.2663,63
101,527,7,2024-04-08,38,4.4523,75
102,275,3,2024-10-04,62,4.3404,51
103,711,8,2024-08-21,35,2.8818,65
104,86,6,2024-06-14,74,1.187,21
105,509,7,2024-04-12,82,2.7979,47
106,536,1,2024-07-15,89,2.3653,4
107,1,2,2024-07-07,71,2.3346,68
108,990,1,2024-04-25,93,1.3147,17
109,878,6,2024-08-17,14,1.4563,90
110,528,2,2024-05-01,22,1.9375,23
111,908,1,2024-09-12,32,4.6287,68
112,791,6,2024-07-27,92,1.931,100
113,535,3,2024-07-31,73,1.9237,67
114,203,1,2024-05-09,62,3.6838,67
115,498,3,2024-06-18,86,3.7085,40
116,991,2,2024-08-11,38,4.3817,95
117,128,7,2024-01-08,9,1.6146,91
118,674,2,2024-09-25,57,2.1482,87
119,48,7,2024-04-22,15,3.9447,95
120,107,5,2024-05-09,11,2.1675,100
121,162,1,2024-10-07,49,2.9326,64
122,128,3,2024-09-28,65,3.4978,53
123,83,2,2024-06-17,41,4.9749,55
124,389,7,2024-09-19,93,2.5442,39
125,652,4,2024-03-28,69,4.4438,89
126,168,7,2024-06-04,74,3.2289,40
127,193,1,2023-11-23,32,1.8769,28
128,229,4,2024-08-12,65,3.2985,83
129,411,7,2024-08-12,19,4.2505,22
130,115,4,2024-06-13,66,2.0027,81
131,448,4,2024-06-22,48,1.1555,59
132,909,3,2024-08-15,42,1.3018,77
133,910,1,2024-01-28,20,1.2425,83
134,571,7,2024-05-20,69,4.0656,36
135,130,4,2023-11-28,34,3.3246,35
136,995,5,2024-06-30,73,4.6009,52
137,314,5,2024-02-23,56,4.1606,98
138,75,4,2024-07-25,52,1.0021,12
139,18,8,2023-11-29,69,4.5189,31
140,327,8,2024-01-01,47,3.2888,11
141,84,3,2024-08-18,54,2.8017,57
142,406,3,2024-06-01,7,1.9347,51
143,912,5,2024-09-20,59,2.2707,35
144,388,2,2024-01-15,68,2.4084,97
145,526,1,2024-03-19,70,2.4668,24
146,785,1,2024-06-15,69,2.4196,12
147,933,7,2024-05-04,26,2.294,58
148,688,4,2024-01-05,32,2.2314,88
149,518,4,2023-12-18,54,3.6882,24
150,328,5,2024-08-23,30,4.335,37
151,655,5,2024-09-12,80,1.2917,62
152,352,7,2024-05-26,81,2.5865,63
153,936,7,2024-03-25,4,4.1355,85
154,414,6,2023-12-02,80,3.1458,26
155,425,8,2023-10-24,24,1.703,53
156,679,7,2023-11-14,24,4.8082,59
157,545,2,2023-11-26,29,4.0813,61
158,950,4,2023-12-20,10,4.2741,60
159,528,6,2023-11-02,69,4.0849,42
160,456,7,2024-08-31,63,4.2243,8
161,313,1,2024-02-27,13,4.3941,11
162,221,6,2024-01-15,46,4.7425,19
163,770,2,2024-10-15,73,4.4872,12
164,523,6,2024-09-07,16,1.7826,55
165,651,3,2023-12-24,80,1.2175,14
166,749,7,2024-09-23,45,2.9009,66
167,545,8,2024-02-07,70,4.6986,8
168,991,3,2023-11-04,95,1.4927,18
169,768,5,2024-01-16,14,2.7118,49
170,637,1,2024-03-31,54,3.2688,91
171,446,3,2023-11-06,92,1.8778,53
172,337,3,2024-08-29,19,2.9184,41
173,691,5,2024-09-29,73,2.8654,78
174,616,7,2024-08-06,2,3.0878,93
175,722,8,2023-10-23,1,3.229,50
176,781,2,2023-12-06,13,2.8828,71
177,643,7,2024-08-09,83,2.2146,53
178,131,3,2024-02-14,44,1.0087,38
179,36,6,2024-10-10,24,3.021,60
180,707,6,2024-02-11,96,1.6642,26
181,668,1,2024-08-19,89,4.9616,49
182,388,3,2024-07-15,41,4.5294,64
183,39,1,2024-06-30,3,4.1886,53
184,188,1,2024-10-01,31,1.4058,26
185,965,2,2023-11-25,91,1.1531,23
186,428,5,2024-01-08,89,1.7476,84
187,518,8,2024-06-15,72,2.8289,98
188,974,6,2024-05-13,28,1.1289,35
189,553,5,2024-08-28,30,2.4642,6
190,185,4,2024-09-02,60,3.6585,62
191,309,1,2023-12-06,56,2.2895,41
192,641,4,2024-07-19,51,1.0033,54
193,763,6,2024-03-29,6,4.816,67
194,562,4,2024-08-04,83,3.876,8
195,486,8,2023-11-18,57,2.5252,42
196,740,5,2024-08-29,50,2.0966,87
197,329,4,2023-12-08,34,4.7423,12
198,756,7,2023-11-04,22,1.2075,64
199,811,2,2023-12-03,14,1.5921,28
200,447,7,2024-08-13,51,1.7686,34
201,357,8,2024-09-22,57,3.1596,52
202,461,4,2024-06-25,91,1.6833,1
203,277,8,2023-11-08,53,1.3343,62
204,903,4,2024-09-16,38,4.3369,53
205,84,6,2023-11-19,69,2.7689,56
206,180,7,2023-12-26,63,2.2424,38
207,140,4,2024-09-10,88,4.9733,3
208,990,4,2024-06-19,10,4.6593,91
209,755,5,2024-03-21,10,1.8682,65
210,180,8,2024-09-01,60,3.6068,12
211,114,8,2024-02-18,46,2.9577,87
212,809,6,2024-10-03,60,4.1691,58
213,648,5,2024-08-23,58,2.3492,25
214,914,1,2024-09-16,75,3.7351,10
215,501,2,2024-01-15,95,3.5616,29
216,844,4,2024-07-08,29,1.5989,19
217,325,8,2024-08-30,7,2.3142,77
218,526,6,2023-12-23,91,3.2079,87
219,191,6,2023-11-29,27,4.4744,63
220,196,8,2024-08-09,53,2.8506,36
221,695,4,2024-03-31,70,2.8896,58
222,973,2,2024-07-01,11,2.4735,68
223,109,6,2023-12-14,87,1.6249,38
224,433,7,2023-12-10,15,2.0134,69
225,597,7,2024-05-25,100,1.8106,53
226,502,6,2024-03-01,26,3.0051,61
227,541,3,2023-12-24,54,4.0612,30
228,776,2,2024-05-21,42,4.665,56
229,654,2,2024-04-11,38,4.524,42
230,348,4,2023-12-14,77,4.7959,12
231,860,1,2023-11-13,85,2.1338,90
232,763,7,2024-10-17,72,1.4686,5
233,305,5,2024-10-13,29,3.4211,2
234,337,3,2024-09-01,4,2.2753,25
235,728,8,2024-07-27,66,1.265,15
236,288,5,2024-03-07,65,2.6253,65
237,488,4,2024-03-24,39,1.7057,52
238,957,7,2023-12-27,48,4.8542,7
239,907,5,2023-11-24,69,3.1684,34
240,600,1,2023-11-15,38,4.0476,70
241,795,1,2024-02-11,99,2.5907,46
242,932,2,2024-03-07,90,4.8423,18
243,805,1,2024-06-02,31,4.5567,42
244,992,8,2024-08-02,16,4.0187,48
245,36,3,2024-09-14,34,3.9324,8
246,2,6,2024-08-02,35,2.2434,27
247,296,2,2024-09-13,82,4.6388,87
248,232,3,2024-02-15,45,4.7999,38
249,65,4,2024-07-11,88,4.8601,27
250,268,3,2024-05-06,77,2.4742,40
251,527,4,2024-01-25,69,2.6725,50
252,829,2,2024-08-14,84,2.7482,17
253,718,5,2024-08-07,90,4.9625,25
254,867,1,2024-01-12,71,3.0783,37
255,153,6,2024-08-17,78,4.1417,85
256,407,5,2024-01-24,6,2.7407,41
257,233,5,2024-05-04,89,3.7755,7
258,950,1,2024-07-27,84,4.0942,70
259,638,8,2024-04-23,84,4.3335,40
260,867,8,2024-08-05,8,4.0593,74
261,743,4,2024-02-15,17,1.926,82
262,273,3,2024-06-21,2,2.4889,56
263,571,2,2023-12-22,97,1.8827,54
264,592,4,2024-01-17,84,2.8629,92
265,560,1,2024-08-17,85,3.0106,79
266,61,4,2024-10-10,26,2.0749,41
267,842,7,2024-09-02,96,2.3473,88
268,741,6,2024-04-20,18,4.6849,32
269,560,4,2024-10-13,65,3.164,5
270,361,4,2024-09-11,1,2.0948,54
271,471,1,2024-10-03,23,1.0419,18
272,359,2,2024-09-03,94,2.851,56
273,413,3,2023-12-02,87,2.3438,47
274,569,4,2023-11-10,22,1.2362,33
275,433,7,2024-02-27,98,2.8303,33
276,487,1,2024-07-01,76,3.537,73
277,552,8,2023-11-28,19,2.9338,88
278,667,3,2024-01-10,85,2.2211,29
279,589,2,2024-06-23,84,4.1763,6
280,772,6,2024-02-13,14,2.1778,43
281,529,7,2024-02-12,94,3.813,47
282,95,8,2024-07-12,12,3.8252,75
283,30,3,2024-04-25,33,4.0134,95
284,626,5,2024-10-11,35,1.1053,58
285,650,4,2024-02-24,71,4.9724,6
286,507,6,2024-05-04,42,3.7135,47
287,338,5,2024-09-28,33,2.8824,89
288,774,3,2024-05-25,6,4.3291,38
289,901,3,2024-09-12,16,2.7132,55
290,148,5,2024-02-01,58,3.128,68
291,838,3,2024-02-06,29,1.8215,68
292,115,7,2024-09-07,12,2.6643,21
293,690,4,2024-08-17,65,1.5285,58
294,997,5,2023-12-11,98,1.5862,31
295,529,2,2024-02-06,84,2.1685,17
296,781,5,2023-12-18,1,4.0327,92
297,278,8,2024-01-24,18,3.3319,31
298,840,6,2024-08-28,36,3.0742,25
299,105,1,2024-05-01,18,3.3762,87
300,893,7,2024-06-28,5,1.7926,54
301,698,3,2024-03-13,35,4.7306,44
302,583,3,2024-08-11,71,2.5107,88
303,738,2,2024-03-04,28,1.7373,36
304,85,2,2024-01-26,47,1.0902,29
305,303,3,2024-07-19,87,2.2114,57
306,53,1,2024-08-03,80,1.4391,5
307,864,8,2024-06-30,81,3.8652,8
308,814,1,2024-10-01,74,3.0084,69
309,820,6,2023-10-30,10,3.1996,69
310,571,3,2024-05-04,57,2.7326,12
311,122,4,2023-12-20,39,2.858,44
312,943,6,2024-05-30,16,4.0033,68
313,972,3,2024-04-15,24,1.8968,31
314,554,4,2024-09-30,93,2.5148,26
315,687,5,2023-12-07,56,4.5727,33
316,479,5,2024-08-04,98,1.334,59
317,121,8,2023-12-03,77,2.1079,90
318,655,2,2024-02-14,26,3.083,57
319,579,4,2024-02-17,43,3.9551,66
320,702,1,2024-08-02,51,2.8634,75
321,576,5,2024-10-11,22,2.0165,97
322,740,8,2024-10-06,40,4.5638,37
323,96,2,2023-11-13,30,1.8183,88
324,966,2,2024-03-11,100,1.2493,12
325,677,4,2024-07-12,7,3.919,7
326,760,5,2023-12-06,8,1.3246,35
327,456,3,2024-08-16,37,4.4504,85
328,191,7,2024-05-09,34,3.1961,67
329,499,1,2024-04-18,40,2.766,86
330,165,6,2024-05-29,51,1.5025,30
331,990,2,2023-12-25,51,4.4368,54
332,694,1,2024-02-29,67,2.4592,77
333,344,5,2024-05-27,88,3.5718,75
334,367,8,2024-05-31,66,4.7779,78
335,503,5,2024-01-01,34,4.2812,21
336,899,5,2023-11-22,57,4.7021,68
337,76,4,2024-09-04,47,1.0573,37
338,706,4,2024-07-13,60,3.6169,41
339,961,5,2024-08-31,65,2.1894,89
340,38,5,2024-02-05,35,1.0131,89
341,555,8,2024-08-07,64,3.5904,27
342,367,2,2024-08-01,91,4.4788,97
343,867,1,2024-01-13,38,2.6577,73
344,426,7,2024-10-06,56,2.2146,57
345,916,4,2024-07-26,99,2.8887,56
346,830,1,2024-08-19,93,3.4693,54
347,850,8,2024-06-29,75,1.5748,56
348,831,2,2024-04-27,99,4.0459,5
349,958,8,2024-02-12,48,4.4244,46
350,212,4,2023-12-13,79,4.087,69
351,888,1,2023-12-29,8,2.034,44
352,270,4,2024-06-27,83,4.8017,78
353,136,8,2024-03-16,60,3.0624,41
354,653,8,2023-12-08,4,4.0069,92
355,621,3,2024-10-02,68,3.4927,44
356,818,1,2024-05-09,18,2.0301,70
357,719,3,2023-11-28,16,1.8285,53
358,450,8,2024-03-22,40,3.3828,69
359,582,5,2024-08-26,86,2.5062,71
360,163,8,2024-03-03,71,2.3138,75
361,238,1,2024-07-09,26,3.2206,63
362,982,4,2023-12-22,57,1.63,78
363,844,7,2024-07-01,47,1.304,92
364,734,1,2024-06-28,38,4.4515,50
365,689,3,2024-09-20,92,1.9888,75
366,727,1,2024-04-08,30,4.5681,76
367,687,8,2024-01-30,41,4.2389,33
368,329,1,2024-02-23,23,1.6199,33
369,69,6,2024-05-10,50,2.2635,78
370,511,4,2024-03-25,68,2.7672,17
371,403,7,2024-04-06,25,2.1856,77
372,91,7,2024-02-15,72,4.4439,9
373,934,5,2024-04-15,25,4.1022,72
374,842,1,2024-02-22,97,2.3604,25
375,72,5,2024-02-19,67,3.4895,29
376,667,3,2024-07-27,91,1.5818,37
377,444,3,2024-07-19,73,1.7859,21
378,30,7,2024-01-26,45,1.3413,6
379,648,1,2024-01-21,13,4.0463,90
380,107,6,2023-12-09,92,3.7697,26
381,855,3,2023-11-23,40,2.0116,78
382,743,3,2024-01-27,53,2.0831,49
383,458,6,2024-04-18,46,2.8366,30
384,805,4,2024-08-05,40,1.7698,73
385,646,5,2024-04-07,35,4.8217,34
386,209,6,2024-05-28,44,4.5594,46
387,989,4,2024-05-20,13,4.3823,78
388,613,7,2024-09-03,21,3.6134,67
389,166,3,2024-05-18,65,3.6061,80
390,885,3,2024-06-13,28,1.6145,36
391,814,4,2024-06-13,81,1.7152,57
392,876,1,2024-10-20,73,1.3802,20
393,2,2,2024-03-07,27,1.0123,94
394,999,8,2024-01-19,77,4.3352,82
395,818,7,2023-12-27,13,2.0817,81
396,237,1,2024-08-31,89,1.4552,36
397,813,8,2024-03-20,12,3.1581,81
398,55,2,2024-07-06,8,1.8616,77
399,72,8,2024-03-26,42,3.4388,93
400,360,4,2024-07-30,85,1.4424,64
401,320,6,2024-03-06,54,4.3391,40
402,821,5,2024-09-15,65,4.2097,14
403,84,3,2023-12-21,36,2.3675,56
404,133,4,2023-10-30,93,2.9823,57
405,903,2,2024-04-07,22,3.4202,80
406,974,1,2024-07-07,58,4.7542,10
407,741,8,2024-05-26,8,1.0498,51
408,313,5,2024-04-25,14,1.7713,32
409,38,8,2024-10-11,88,2.3731,76
410,20,5,2024-10-10,73,4.0597,89
411,493,6,2024-05-22,21,4.8306,41
412,904,4,2024-09-26,37,1.0836,85
413,805,4,2024-04-07,97,1.5767,72
414,218,8,2024-05-24,79,3.0991,36
415,676,3,2024-06-26,72,2.2314,85
416,259,4,2024-02-27,25,3.9135,18
417,744,8,2024-03-06,100,1.831,27
418,121,5,2024-09-03,98,3.7339,3
419,402,6,2023-11-12,69,3.7613,7
420,694,7,2024-07-14,17,1.8311,63
421,384,7,2023-11-05,44,2.7957,62
422,57,3,2024-10-08,63,4.4596,71
423,577,3,2024-02-02,86,4.2348,80
424,995,6,2024-04-03,94,2.5979,88
425,207,3,2024-09-04,36,4.6087,46
426,645,2,2023-11-12,52,2.4334,57
427,176,4,2024-07-12,59,1.8207,65
428,195,4,2024-06-20,11,3.0197,92
429,618,3,2024-09-05,72,1.3667,23
430,268,4,2024-04-18,60,1.9401,90
431,717,4,2024-07-07,97,4.9316,54
432,380,5,2024-06-20,78,4.6069,37
433,461,2,2023-12-19,61,3.371,62
434,335,1,2024-06-12,60,3.3071,81
435,68,6,2024-01-15,3,4.3194,20
436,726,8,2023-11-02,82,2.7117,85
437,161,1,2024-10-22,54,3.6481,17
438,825,7,2024-07-28,32,1.6795,41
439,247,4,2023-12-22,28,3.5891,2
440,351,6,2024-08-19,41,1.3059,29
441,304,5,2024-04-12,29,1.5077,17
442,636,5,2024-07-07,86,1.2897,51
443,873,2,2024-06-11,6,3.7671,25
444,720,8,2024-04-05,98,1.413,27
445,527,6,2024-09-12,89,4.2337,6
446,530,8,2024-01-11,44,3.5942,66
447,490,3,2024-01-26,62,1.2096,63
448,361,2,2024-07-30,71,2.4779,72
449,359,3,2024-04-19,19,1.9721,44
450,927,8,2024-03-06,97,3.5133,46
451,255,5,2024-01-09,95,1.1281,87
452,786,3,2024-04-23,94,4.2165,97
453,616,3,2024-03-27,93,3.4601,5
454,928,7,2023-12-27,80,1.041,62
455,337,7,2024-06-05,56,4.6571,40
456,858,5,2024-04-01,47,3.0837,61
457,332,5,2024-10-20,13,1.2961,44
458,369,6,2024-10-18,45,4.2023,42
459,423,5,2024-07-12,95,3.4519,82
460,837,7,2024-08-19,84,2.9332,37
461,120,4,2023-12-05,86,2.9012,63
462,38,8,2023-10-29,98,3.9494,97
463,152,8,2023-11-08,45,1.4953,4
464,269,7,2023-11-17,96,1.0461,76
465,633,6,2023-12-27,11,4.7218,97
466,2,7,2024-06-11,44,3.4838,57
467,446,1,2024-07-30,92,1.1975,48
468,508,2,2024-05-16,97,4.008,45
469,266,8,2024-07-05,51,4.038,66
470,354,6,2024-05-22,63,4.3737,95
471,379,4,2023-11-06,75,2.2235,65
472,94,1,2024-02-10,74,4.0878,7
473,651,6,2023-12-14,63,2.759,72
474,300,8,2024-05-20,20,3.0311,74
475,141,4,2024-02-01,47,1.1694,26
476,359,1,2024-09-24,64,1.1177,40
477,593,3,2024-05-03,92,2.9676,54
478,614,1,2024-03-15,64,4.7223,93
479,547,2,2024-04-16,49,1.6768,29
480,144,1,2023-12-19,69,4.896,41
481,63,6,2024-06-13,74,4.6611,80
482,815,1,2024-02-25,74,1.9643,54
483,999,5,2024-06-23,77,2.3993,12
484,968,1,2024-04-28,59,2.3341,1
485,413,5,2024-05-07,16,3.456,46
486,354,3,2024-03-27,69,3.1107,55
487,415,4,2024-06-21,86,2.3231,37
488,457,1,2023-11-09,91,3.1198,40
489,647,1,2024-06-15,77,2.7747,84
490,804,5,2024-01-15,86,2.3449,97
491,706,5,2024-04-02,33,3.9904,75
492,904,5,2024-07-05,84,1.6807,62
493,347,4,2024-02-18,22,4.086,64
494,442,4,2024-07-27,58,3.5825,89
495,976,5,2024-07-03,52,1.0746,93
496,733,5,2024-07-14,68,3.147,50
497,604,5,2024-02-25,2,2.5107,70
498,252,3,2024-02-15,20,4.1117,35
499,582,5,2024-03-27,58,1.6598,9
500,407,8,2024-06-17,65,3.1064,89
501,671,3,2024-09-13,75,3.1055,8
502,216,3,2024-10-04,33,4.0529,58
503,121,7,2024-06-01,59,4.0115,17
504,89,4,2023-10-28,66,1.6261,85
505,270,4,2024-04-15,38,3.5745,36
506,731,1,2024-04-21,21,2.9022,43
507,564,3,2024-02-08,5,3.1183,1
508,225,8,2024-08-06,33,3.4313,88
509,24,8,2024-04-29,58,4.2649,30
510,303,1,2024-07-23,99,1.6518,81
511,338,2,2023-12-02,6,2.3687,64
512,548,5,2024-08-31,58,3.2048,6
513,407,2,2023-11-23,47,4.7061,81
514,131,1,2024-02-05,7,1.4259,73
515,767,6,2024-02-08,55,4.3186,53
516,61,6,2024-01-22,3,2.5187,98
517,5,5,2024-10-07,62,1.2042,32
518,331,2,2024-02-10,97,4.6553,100
519,345,2,2024-01-17,94,4.8598,7
520,344,3,2023-12-03,5,4.7276,94
521,219,5,2024-07-19,15,2.8375,42
522,313,4,2023-12-11,6,4.954,25
523,788,8,2024-01-22,41,4.9572,90
524,622,6,2024-08-08,31,1.04,90
525,573,3,2024-01-06,20,2.3285,28
526,964,4,2024-06-02,94,4.4246,28
527,334,3,2024-04-23,26,2.2978,10
528,931,8,2023-10-29,82,3.1238,86
529,876,3,2024-09-29,54,1.2765,60
530,673,1,2024-09-22,92,1.6986,28
531,701,3,2023-10-30,31,3.2359,39
532,376,1,2024-09-10,11,3.7512,11
533,791,8,2024-02-05,70,3.3515,67
534,546,4,2024-03-19,5,2.4071,79
535,122,3,2024-05-25,28,1.9283,88
536,871,1,2024-05-21,1,2.7039,84
537,870,1,2024-09-19,9,2.2623,61
538,669,8,2024-02-13,80,3.0858,19
539,292,7,2024-04-10,35,3.7478,27
540,57,2,2024-03-28,99,4.8223,62
541,387,4,2024-09-17,75,4.8284,15
542,221,8,2024-01-06,46,1.2284,64
543,394,5,2023-12-12,86,3.9771,88
544,986,4,2024-07-24,82,2.0272,33
545,838,8,2024-05-30,28,3.9848,91
546,644,4,2024-08-29,42,4.4839,51
547,213,3,2023-11-09,98,3.2971,34
548,638,2,2024-07-05,11,3.1022,45
549,836,5,2023-12-18,57,2.8905,29
550,558,4,2024-02-24,44,2.7018,17
551,485,2,2024-01-20,62,4.0271,2
552,197,1,2024-04-18,84,3.5895,60
553,191,8,2024-07-12,64,4.242,17
554,966,4,2024-08-02,38,4.1024,56
555,313,1,2024-09-20,75,2.0927,81
556,224,5,2024-05-22,27,3.443,2
557,152,6,2024-02-06,72,1.214,18
558,881,7,2024-04-30,5,3.8164,7
559,880,8,2023-10-24,77,4.0861,10
560,602,3,2024-07-27,25,4.0846,51
561,694,3,2024-01-17,39,1.3615,86
562,629,1,2024-01-06,64,2.4075,61
563,243,8,2024-03-30,9,1.8027,84
564,153,7,2023-11-14,47,3.7589,8
565,145,7,2024-08-11,79,2.7358,63
566,595,1,2023-12-22,54,4.2741,71
567,742,5,2024-05-18,66,4.3847,49
568,56,8,2023-11-22,16,1.2009,70
569,711,3,2024-09-30,7,2.4484,39
570,21,7,2024-02-23,82,2.5667,39
571,550,7,2024-05-30,81,4.1389,11
572,757,5,2024-03-01,35,4.5476,99
573,835,2,2024-10-11,59,2.2811,90
574,572,3,2024-09-09,61,3.8754,88
575,955,1,2024-03-14,90,2.2312,44
576,909,8,2024-08-25,61,3.8557,71
577,94,6,2024-07-13,11,1.6057,61
578,165,4,2024-05-06,70,3.4634,1
579,213,8,2024-03-08,13,3.4076,40
580,666,4,2024-03-09,77,4.1127,56
581,292,3,2024-08-23,98,1.6398,9
582,647,2,2024-10-14,1,4.7327,61
583,690,4,2023-11-13,22,1.4596,2
584,430,1,2024-03-23,48,1.0256,16
585,712,7,2024-06-02,89,1.0891,48
586,501,6,2024-01-25,78,1.061,69
587,241,2,2024-04-30,43,1.9591,48
588,873,1,2024-02-09,91,1.5157,26
589,416,8,2024-08-21,14,1.9058,52
590,348,4,2024-05-04,57,1.0359,67
591,433,7,2023-10-31,56,1.486,57
592,170,4,2024-07-13,38,3.5453,48
593,279,3,2024-07-06,11,1.3641,8
594,578,7,2024-07-19,60,1.7168,28
595,759,4,2024-03-01,18,2.5135,99
596,9,4,2024-06-14,60,3.4259,13
597,631,7,2024-01-18,17,2.2763,51
598,446,3,2024-03-26,82,4.6523,3
599,718,5,2023-11-19,36,3.5524,59
600,266,3,2024-08-28,38,2.4276,11
601,627,4,2024-04-30,59,2.2557,56
602,156,7,2024-09-20,100,3.8878,54
603,534,2,2024-06-17,38,1.5291,2
604,294,4,2024-09-03,76,4.0248,41
605,600,3,2024-02-12,13,2.3002,8
606,904,6,2024-09-21,98,4.4115,22
607,26,1,2023-11-01,35,3.2165,5
608,471,7,2023-12-01,19,4.6886,26
609,540,4,2023-12-07,63,3.4242,55
610,580,5,2024-06-30,28,2.73,34
611,146,8,2023-10-25,95,4.8486,94
612,596,6,2024-05-22,78,2.9426,37
613,19,1,2024-04-15,13,3.1392,100
614,194,3,2024-02-06,65,4.9721,79
615,168,7,2024-01-28,74,2.0468,52
616,250,1,2024-05-01,79,1.3549,38
617,251,2,2024-08-18,73,4.2745,82
618,660,4,2023-11-09,21,2.6125,43
619,220,7,2024-08-16,85,4.8811,64
620,541,1,2024-04-12,16,3.5359,88
621,603,7,2023-10-25,63,3.7588,21
622,337,8,2023-12-01,14,4.2603,27
623,416,5,2024-05-29,18,1.3645,39
624,290,5,2024-06-08,37,3.4453,53
625,993,5,2024-10-02,63,4.857,49
626,546,3,2023-11-15,51,1.8802,11
627,983,6,2024-06-28,34,3.2386,16
628,269,7,2024-01-17,46,1.0269,51
629,228,3,2024-09-28,97,4.6946,16
630,547,2,2023-12-22,37,3.9981,76
631,6,1,2024-08-27,47,1.4784,12
632,741,2,2023-12-09,53,4.7059,97
633,707,6,2024-02-17,83,2.1711,95
634,935,3,2024-01-21,61,2.6212,8
635,791,8,2024-10-10,28,2.3377,38
636,290,5,2024-01-24,6,1.5656,85
637,285,4,2024-02-11,56,3.8439,58
638,675,5,2024-07-31,37,4.3664,36
639,479,5,2024-04-03,37,4.269,92
640,534,4,2024-06-07,50,2.7787,92
641,302,5,2024-05-20,82,3.1495,80
642,938,1,2024-02-08,35,4.7769,55
643,6,8,2023-12-02,18,4.0471,20
644,651,4,2024-03-10,72,1.0923,57
645,42,8,2024-03-20,89,3.5114,6
646,99,2,2024-07-19,83,2.6497,54
647,462,4,2023-12-07,62,2.1625,16
648,670,7,2024-04-08,39,3.7452,28
649,865,2,2023-11-23,81,1.8704,57
650,309,3,2024-07-24,60,3.6074,100
651,879,3,2024-08-09,89,4.4215,28
652,775,6,2024-01-11,99,4.3673,48
653,659,6,2024-06-24,12,2.9395,75
654,157,3,2024-10-13,47,3.1596,65
655,66,8,2023-12-26,63,1.0262,60
656,92,4,2024-07-23,35,3.3153,66
657,225,6,2024-01-26,92,1.9478,76
658,434,5,2024-03-29,38,2.3725,83
659,495,8,2024-07-05,20,3.5874,46
660,948,5,2024-06-17,39,2.6512,3
661,181,2,2024-06-28,72,3.342,57
662,186,8,2024-04-01,85,1.7326,1
663,3,3,2024-04-06,64,3.8777,42
664,962,8,2023-11-16,16,1.253,3
665,419,8,2024-04-27,54,3.7452,65
666,401,4,2024-08-09,21,4.536,52
667,890,4,2024-02-17,88,4.8322,42
668,802,3,2024-02-27,3,1.3059,58
669,331,8,2024-06-08,4,2.7895,68
670,217,5,2023-10-29,42,4.4233,60
671,584,4,2024-04-13,95,2.5657,15
672,473,1,2024-08-31,55,1.8073,89
673,64,4,2024-01-03,77,1.9245,75
674,461,7,2024-10-06,25,4.4474,81
675,640,6,2024-03-19,88,1.5258,100
676,81,6,2024-07-11,8,1.0905,96
677,338,2,2024-04-14,33,3.9027,1
678,89,8,2024-07-25,6,4.3383,80
679,217,2,2024-01-14,59,1.2958,13
680,725,5,2024-01-11,77,3.7858,64
681,605,7,2024-09-20,74,3.0648,9
682,503,8,2024-05-08,53,3.0886,84
683,606,3,2024-02-10,67,2.6642,50
684,294,4,2023-12-20,7,1.6388,16
685,483,7,2024-05-08,70,2.8063,82
686,344,1,2024-05-26,26,2.3923,88
687,541,3,2024-06-25,12,1.944,43
688,160,2,2024-10-22,39,1.9719,21
689,324,6,2024-03-30,58,3.2473,35
690,524,2,2023-11-15,78,4.6996,2
691,96,7,2024-07-12,99,3.5938,45
692,6,5,2024-05-27,6,4.9147,27
693,409,8,2023-12-01,89,1.1385,54
694,36,3,2024-10-14,91,1.2882,77
695,812,7,2024-09-05,10,1.1314,63
696,67,2,2023-12-30,65,2.26,20
697,801,4,2024-08-27,89,3.1973,61
698,229,4,2024-02-02,88,1.1077,58
699,866,1,2024-07-11,47,4.5241,63
700,375,8,2024-07-12,43,3.2429,73
701,720,8,2023-11-03,22,4.4111,62
702,141,2,2024-08-18,2,3.268,78
703,509,6,2023-11-21,80,3.9762,99
704,578,7,2023-11-25,37,3.2563,72
705,418,6,2023-11-10,54,2.4395,25
706,831,4,2024-03-30,89,3.9082,27
707,505,5,2024-06-14,62,3.001,11
708,137,4,2023-12-08,88,2.3948,69
709,637,6,2024-01-14,49,4.6102,78
710,733,5,2024-04-16,8,4.6751,67
711,621,8,2024-08-28,30,4.929,54
712,133,6,2024-02-18,33,2.2196,58
713,633,7,2024-08-07,18,2.528,11
714,329,4,2024-09-02,35,4.6808,67
715,768,1,2024-04-09,2,3.6687,13
716,669,7,2024-04-28,42,3.5481,62
717,126,4,2024-02-29,14,4.9091,39
718,661,7,2023-12-15,54,3.1232,94
719,503,3,2023-12-02,76,4.1842,49
720,228,8,2024-03-10,91,1.2677,39
721,982,4,2024-06-04,54,3.9581,95
722,763,6,2024-08-21,16,1.1536,69
723,955,3,2024-03-23,66,4.5911,79
724,501,8,2024-06-02,65,2.3945,21
725,866,5,2024-05-09,21,3.4879,69
726,739,7,2024-05-15,58,2.5182,60
727,32,3,2024-09-02,14,1.4404,86
728,949,4,2024-06-02,76,4.892,57
729,730,2,2024-04-19,16,3.8876,13
730,319,5,2024-06-04,51,3.3222,87
731,818,7,2024-10-07,96,2.3247,34
732,14,4,2024-03-07,10,1.5305,90
733,594,5,2023-11-05,68,1.9508,32
734,365,1,2024-04-02,60,4.6353,44
735,535,4,2024-02-04,71,4.6076,38
736,453,1,2024-03-11,34,2.1262,95
737,129,4,2024-06-05,96,2.6874,68
738,381,1,2024-07-31,80,4.6488,76
739,747,2,2024-05-27,66,2.0983,38
740,382,1,2024-07-20,6,3.4829,13
741,941,1,2024-05-23,70,1.5309,67
742,801,7,2023-11-05,12,2.549,40
743,884,3,2024-09-05,21,4.852,5
744,140,7,2024-06-02,41,3.116,53
745,260,1,2024-03-09,67,4.6135,67
746,100,7,2024-04-13,3,1.9643,35
747,345,3,2024-07-03,81,3.7754,41
748,933,1,2024-01-10,87,4.5576,29
749,149,1,2024-10-18,98,4.5536,48
750,137,1,2023-11-08,73,2.5615,70
751,229,1,2023-11-07,26,4.5202,30
752,514,6,2024-03-16,58,1.7981,63
753,773,2,2023-12-15,24,3.1704,58
754,223,2,2023-11-24,81,1.9267,49
755,230,8,2023-10-31,8,4.225,76
756,471,1,2023-12-13,61,2.2567,72
757,309,5,2024-07-18,31,1.186,77
758,150,8,2024-02-17,17,4.8164,63
759,321,2,2024-09-15,69,4.774,82
760,596,5,2024-07-01,81,4.5841,69
761,880,6,2024-05-13,32,1.1547,60
762,945,2,2024-07-25,100,1.9575,2
763,480,2,2024-07-22,29,1.9135,7
764,996,8,2024-03-16,59,2.7031,8
765,340,1,2024-01-04,55,2.2518,49
766,501,2,2024-01-09,37,3.556,24
767,927,4,2024-10-19,34,3.1363,66
768,453,2,2024-03-02,86,3.6886,98
769,339,1,2024-08-11,76,4.0325,1
770,861,4,2023-11-23,86,1.0708,21
771,363,7,2024-05-27,8,1.5884,10
772,750,4,2023-12-08,44,3.9569,70
773,388,2,2024-01-01,90,4.5573,9
774,308,3,2024-09-26,23,3.3272,87
775,760,3,2024-09-03,93,3.0111,13
776,794,4,2024-02-24,2,4.8275,64
777,82,5,2024-03-17,73,3.192,37
778,203,4,2024-02-22,89,4.0999,11
779,937,4,2024-03-10,19,2.2607,49
780,388,3,2024-03-16,60,3.1471,17
781,887,4,2024-06-21,34,3.825,41
782,764,2,2024-05-16,22,2.0388,26
783,313,5,2023-11-20,67,2.793,8
784,621,7,2024-03-06,4,1.7019,78
785,330,5,2024-02-06,57,1.232,63
786,798,6,2024-05-26,46,2.2292,58
787,15,5,2023-11-18,58,3.047,82
788,577,3,2023-12-29,27,2.446,81
789,812,7,2024-01-06,81,3.3868,49
790,153,7,2024-08-08,7,3.4216,40
791,267,2,2024-01-30,28,4.4691,9
792,397,8,2024-09-10,50,1.3464,76
793,467,1,2024-05-15,55,3.5962,60
794,723,1,2024-09-09,18,1.1372,14
795,651,5,2024-02-24,50,3.1161,29
796,920,4,2024-04-03,13,3.1104,40
797,942,6,2024-02-24,14,3.9263,30
798,543,3,2024-07-14,15,2.643,45
799,571,5,2024-04-29,18,3.4048,19
800,884,6,2024-05-14,71,4.7152,98
801,340,8,2024-09-29,89,2.5667,74
802,970,4,2024-05-21,10,3.3111,29
803,477,6,2024-06-06,49,3.1739,87
804,378,5,2024-07-12,46,1.4395,23
805,229,2,2024-02-02,89,3.3842,21
806,710,6,2023-11-02,36,1.0381,66
807,518,8,2024-02-03,55,2.0092,80
808,566,8,2024-06-07,61,1.3636,8
809,750,5,2024-05-09,45,1.1731,23
810,772,6,2023-11-21,67,3.66,8
811,486,7,2024-07-13,24,4.2562,35
812,901,2,2024-04-06,84,1.0116,31
813,936,2,2024-06-06,37,2.5097,8
814,474,6,2023-12-05,61,2.682,81
815,569,7,2024-07-28,97,3.2221,55
816,431,7,2024-01-13,53,3.7416,100
817,212,8,2024-01-28,90,2.6182,70
818,561,6,2024-03-12,95,4.0114,96
819,136,3,2024-06-29,95,4.8127,26
820,287,1,2024-06-15,94,1.5387,38
821,447,7,2024-05-29,83,1.1037,77
822,468,1,2024-05-19,60,1.6791,43
823,980,3,2024-10-03,59,2.6098,52
824,407,6,2024-07-07,26,2.9066,87
825,727,1,2023-11-06,53,1.9207,70
826,123,8,2024-10-06,27,1.7869,48
827,799,2,2024-03-04,11,2.3488,71
828,916,3,2024-02-09,97,4.7542,59
829,407,6,2024-04-26,88,1.6505,65
830,669,3,2023-12-12,10,1.2573,1
831,618,6,2024-04-21,62,4.9892,83
832,753,8,2024-08-21,76,3.6223,73
833,14,2,2024-05-03,70,2.3301,44
834,674,1,2024-09-27,4,1.1291,60
835,45,6,2024-09-18,88,3.9485,14
836,269,3,2024-07-01,44,3.6548,59
837,70,7,2024-10-10,26,3.9931,91
838,353,2,2024-06-17,2,4.8641,43
839,767,7,2024-07-17,9,3.3367,74
840,878,6,2024-09-13,94,4.8718,69
841,370,5,2024-10-21,4,3.3339,18
842,768,2,2024-02-28,52,1.4247,37
843,4,3,2024-07-07,1,2.9851,61
844,108,1,2024-08-13,43,4.1508,92
845,824,3,2024-01-06,81,4.6651,98
846,836,4,2024-01-06,99,3.2075,31
847,405,2,2024-10-21,14,3.3388,57
848,46,8,2024-08-03,98,4.0048,85
849,563,1,2023-12-24,8,3.2277,26
850,321,7,2024-05-09,67,1.0667,20
851,396,2,2024-01-31,61,3.9029,40
852,880,7,2023-11-26,30,4.1681,49
853,702,8,2024-06-22,45,1.5966,3
854,621,8,2024-01-08,82,2.7276,77
855,42,6,2023-12-02,5,2.5532,35
856,988,6,2024-06-12,19,4.1968,2
857,269,5,2024-08-01,56,2.7484,83
858,36,4,2024-05-29,9,1.1106,27
859,232,5,2024-08-21,20,1.4057,79
860,818,6,2024-03-04,75,1.1638,65
861,835,3,2024-01-18,21,1.0951,98
862,107,2,2024-07-02,12,1.1691,2
863,519,5,2024-01-12,83,4.8241,75
864,211,7,2023-12-13,97,4.6053,15
865,604,4,2024-09-09,18,3.653,45
866,405,3,2023-12-19,4,4.2661,52
867,25,8,2023-12-23,65,3.6447,29
868,723,3,2024-04-13,14,2.3878,43
869,209,4,2023-12-06,30,2.2329,57
870,219,4,2024-10-21,77,2.1577,97
871,51,3,2024-09-09,78,3.2609,53
872,393,8,2024-09-26,85,3.4997,95
873,292,8,2024-10-13,42,3.3612,65
874,360,3,2024-03-29,49,3.5556,100
875,570,4,2023-10-27,12,3.3317,75
876,961,3,2024-01-17,61,4.7148,64
877,890,8,2023-11-20,81,2.4748,15
878,84,7,2024-02-20,36,3.1173,50
879,508,4,2024-10-22,58,2.0866,13
880,83,6,2023-12-28,58,1.9208,5
881,699,6,2024-04-16,98,2.249,75
882,992,7,2024-02-04,91,2.0917,13
883,992,3,2024-03-25,52,4.5398,32
884,900,8,2023-11-14,100,2.1962,37
885,921,4,2024-07-07,5,4.1678,50
886,392,2,2024-08-26,60,1.8908,93
887,108,2,2024-03-29,28,1.159,84
888,99,7,2024-07-25,18,2.8222,22
889,584,1,2024-10-20,41,4.2982,86
890,371,8,2024-04-24,31,2.3085,99
891,723,7,2023-12-04,43,3.0406,20
892,617,3,2024-01-10,62,2.462,56
893,804,6,2024-06-20,7,4.997,30
894,842,1,2024-07-23,61,3.3238,6
895,156,3,2024-10-06,95,2.8068,71
896,386,5,2024-09-23,70,3.2256,62
897,940,5,2024-03-31,95,4.1724,48
898,11,7,2024-07-05,23,1.1325,96
899,99,3,2024-02-09,86,1.0389,60
900,926,6,2024-09-30,32,2.1955,18
901,562,1,2024-10-16,63,1.6211,66
902,716,4,2023-11-20,54,2.8323,69
903,265,4,2024-07-14,8,1.1701,43
904,262,4,2024-02-07,48,2.0567,42
905,707,6,2024-09-21,11,1.8428,29
906,700,1,2024-04-07,58,2.0073,87
907,976,1,2023-11-04,8,1.4301,57
908,168,8,2024-01-04,89,1.6623,32
909,677,4,2024-07-06,50,3.4134,62
910,570,4,2024-09-29,19,2.0314,9
911,732,4,2024-09-27,61,3.5133,93
912,332,1,2024-06-22,16,3.0223,55
913,829,6,2024-05-13,43,1.4963,57
914,732,3,2023-11-16,19,1.3991,6
915,181,2,2024-06-21,71,4.6501,12
916,845,1,2024-08-15,12,4.5946,60
917,58,5,2023-11-27,80,3.0743,30
918,270,1,2024-06-09,11,2.0649,6
919,57,7,2024-04-24,26,1.0465,2
920,361,1,2024-01-11,55,3.1836,39
921,143,8,2024-01-10,20,3.0136,88
922,554,2,2024-05-18,69,4.1122,79
923,509,7,2024-09-21,23,3.2301,68
924,120,2,2024-04-06,49,3.316,42
925,906,8,2024-03-03,78,1.7882,58
926,7,4,2024-07-01,52,2.7942,95
927,328,6,2024-08-08,100,1.2174,7
928,635,5,2024-09-16,79,2.3436,82
929,199,8,2024-10-12,46,4.4385,26
930,736,6,2024-09-03,90,3.8061,51
931,337,6,2024-02-15,18,1.0931,73
932,706,3,2024-02-17,73,1.3059,26
933,78,6,2024-07-05,34,4.556,38
934,148,6,2024-03-23,6,2.449,90
935,646,4,2024-10-20,96,4.4374,3
936,788,1,2024-05-12,81,1.7209,13
937,416,6,2024-09-28,83,4.9611,66
938,89,2,2024-09-24,97,2.5985,76
939,418,1,2024-05-23,26,3.1098,6
940,886,1,2023-12-13,89,3.0732,98
941,196,4,2024-04-15,8,4.0241,28
942,932,7,2024-01-09,76,2.5773,60
943,728,4,2023-11-24,56,3.5918,12
944,444,3,2023-11-19,75,2.6254,36
945,948,8,2024-07-15,71,1.4069,93
946,638,2,2024-03-16,49,4.5496,28
947,613,8,2023-11-22,56,2.2196,80
948,409,8,2024-05-12,43,1.9947,43
949,779,8,2024-02-11,91,3.1732,8
950,447,7,2024-06-25,7,2.5146,39
951,900,2,2024-01-15,84,4.7423,84
952,751,5,2024-05-15,78,1.168,62
953,205,5,2024-04-25,95,4.4149,97
954,708,8,2024-07-13,99,3.2569,11
955,172,6,2023-11-12,22,2.2886,64
956,599,5,2024-03-24,85,3.0274,12
957,287,1,2024-10-06,58,2.3712,35
958,548,6,2023-12-19,68,3.2743,27
959,102,6,2024-04-29,11,3.4818,14
960,35,1,2024-01-26,18,3.4262,78
961,808,8,2024-09-17,17,2.239,83
962,761,4,2024-02-24,33,1.7585,60
963,897,8,2024-08-29,97,1.6336,33
964,32,3,2023-11-27,58,2.3829,8
965,645,3,2024-02-09,88,4.1122,16
966,132,7,2024-03-18,11,2.2355,71
967,438,7,2024-04-15,35,2.8172,38
968,288,8,2024-09-17,18,4.6098,20
969,286,8,2024-01-12,69,3.8003,13
970,854,8,2024-06-27,78,1.3557,96
971,848,8,2024-05-12,64,4.3234,64
972,13,6,2024-02-11,58,2.8197,96
973,488,6,2023-11-11,38,2.8588,64
974,579,3,2024-05-19,47,4.6598,24
975,103,8,2024-05-30,82,2.7499,19
976,86,5,2023-12-05,19,2.1941,21
977,653,7,2023-10-23,34,3.6743,23
978,686,5,2023-12-18,54,1.0369,65
979,894,2,2024-05-21,34,3.1764,40
980,972,4,2024-07-20,71,3.896,88
981,22,8,2024-04-30,47,4.3677,31
982,480,6,2024-08-27,22,1.8577,94
983,22,4,2024-09-30,10,4.1187,25
984,760,8,2024-09-28,61,2.3909,50
985,544,1,2023-12-25,38,2.6746,45
986,482,4,2023-11-19,74,1.3109,97
987,835,2,2024-03-27,32,2.5484,85
988,422,2,2024-07-08,6,4.7626,9
989,166,7,2024-07-01,11,3.5825,24
990,360,1,2024-09-01,94,3.8764,40
991,499,7,2024-09-07,47,1.3818,54
992,842,2,2024-01-05,62,1.7153,31
993,105,2,2024-04-22,54,1.3329,95
994,36,3,2024-01-08,7,3.4454,56
995,638,8,2024-10-06,85,3.0361,55
996,630,3,2024-04-20,51,2.8239,22
997,869,4,2024-06-20,16,1.3045,60
998,916,3,2024-06-08,93,2.0867,56
999,200,8,2024-09-18,36,4.4519,83
1000,54,2,2024-09-19,39,3.2436,58
